,Accuracy,Precision,Recall,F1-Score
Random Forest,0.6092307692307692,0.6249448603352744,0.6092307692307692,0.6141529930196629
Support Vector Machine,0.4107692307692308,0.5255180014044453,0.4107692307692308,0.4392017923750778
K-Nearest Neighbors,0.6015384615384616,0.6258706359003146,0.6015384615384616,0.6115563189335791
Multilayer Perceptron,0.4346153846153846,0.5040605342285747,0.4346153846153846,0.4449187223954237
Decision Tree,0.5084615384615384,0.5515626626953858,0.5084615384615384,0.5240023998826796
Gradient Boosting,0.6361538461538462,0.6375382355625242,0.6361538461538462,0.6366667112458991
